{"accuracy": [0.3663647174835205, 0.4478909373283386, 0.49062126874923706, 0.5306981205940247, 0.5255741477012634, 0.563821017742157, 0.5991856455802917, 0.6095708608627319, 0.6221520900726318, 0.6219233274459839, 0.6478177309036255, 0.6544514298439026, 0.6647909283638, 0.675999641418457, 0.6725226640701294, 0.6850581169128418, 0.6895415782928467, 0.6954890489578247, 0.6991490721702576, 0.6996980309486389, 0.7080245018005371, 0.7126452326774597, 0.7121419906616211, 0.715802013874054, 0.7153902649879456], "loss": [1.7746394872665405, 1.397170066833496, 1.2733031511306763, 1.174094796180725, 1.1952786445617676, 1.0944855213165283, 1.0190370082855225, 0.9860047698020935, 0.9541081786155701, 0.9625300168991089, 0.8934402465820312, 0.8720334768295288, 0.849514365196228, 0.8409361839294434, 0.8358755111694336, 0.8114873170852661, 0.7924110889434814, 0.7833613753318787, 0.7748587727546692, 0.7699508666992188, 0.7505142092704773, 0.7409589290618896, 0.7361233830451965, 0.7286113500595093, 0.732726514339447], "val_accuracy": [0.4916681945323944, 0.5401940941810608, 0.5727888941764832, 0.4772019684314728, 0.476103276014328, 0.49789416790008545, 0.6368796825408936, 0.6233290433883667, 0.6152719259262085, 0.634682297706604, 0.6570225358009338, 0.635231614112854, 0.6623328924179077, 0.6566562652587891, 0.65226149559021, 0.6583043336868286, 0.6773484945297241, 0.6866874098777771, 0.6767991185188293, 0.6865043044090271, 0.6821094751358032, 0.6887016892433167, 0.6894341707229614, 0.6930965185165405, 0.6943783164024353], "val_loss": [1.4824732542037964, 1.6009520292282104, 1.6398146152496338, 1.316175937652588, 1.3234010934829712, 1.22600257396698, 1.0103682279586792, 1.6573233604431152, 1.0033013820648193, 0.9976549744606018, 0.9393448233604431, 0.9724954962730408, 0.9454988241195679, 0.960442066192627, 0.8839303255081177, 0.9665343761444092, 0.8712185025215149, 0.8230808973312378, 0.8213040828704834, 0.8194687962532043, 0.8255726099014282, 0.8333925604820251, 0.8247969150543213, 0.8172563910484314, 0.8019713163375854], "learning_rate": [0.0005000000237487257, 0.0005000000237487257, 0.0005000000237487257, 0.0005000000237487257, 0.0005000000237487257, 0.0005000000237487257, 0.0002500000118743628, 0.0002500000118743628, 0.0002500000118743628, 0.0002500000118743628, 0.0001250000059371814, 0.0001250000059371814, 0.0001250000059371814, 0.0001250000059371814, 0.0001250000059371814, 0.0001250000059371814, 6.25000029685907e-05, 6.25000029685907e-05, 6.25000029685907e-05, 6.25000029685907e-05, 6.25000029685907e-05, 3.125000148429535e-05, 3.125000148429535e-05, 3.125000148429535e-05, 3.125000148429535e-05]}